Serviceid,Date,User_id
20,2-Jan-18,40709217
20,2-Jan-18,40709217
984,22-Mar-18,18246539
269,22-Mar-18,18246539
666,1-Apr-18,18246539
326,1-Apr-18,18246539
1014,9-Jun-18,40725355
1014,9-Jun-18,40725355
299,8-Jun-18,40725355
1014,12-Jun-18,40725355
398,12-Jun-18,40725355
983,25-Jun-18,40725355
270,25-Jun-18,40725355
487,4-Jan-18,40727154
742,4-Jan-18,40727154
667,4-Jan-18,40727154
487,5-Jan-18,40727154
487,6-Jan-18,40727154
1136,2-Jan-18,40716114
1136,2-Jan-18,40716114
1136,2-Jan-18,40716114
1014,2-Jan-18,40716114
4,4-Jan-18,40725207
667,21-Jan-18,40725207
333,21-Jan-18,40725207
4,24-Mar-18,40725207
273,24-Mar-18,40725207
273,7-Jul-18,40725207
4,7-Jul-18,40725207
981,11-Feb-18,40721453
742,11-Feb-18,40721453
1014,11-Feb-18,40721453
981,17-Feb-18,40721453
271,17-Feb-18,40721453
271,17-Feb-18,40721453
1366,17-Feb-18,40721453
650,22-Feb-18,40721453
742,5-Mar-18,40721453
981,6-Mar-18,40721453
742,6-Mar-18,40721453
271,6-Mar-18,40721453
981,2-Apr-18,40721453
742,2-Apr-18,40721453
271,2-Apr-18,40721453
742,4-May-18,40721453
3998,4-May-18,40721453
3998,6-May-18,40721453
3998,7-May-18,40721453
742,21-May-18,40721453
3998,22-May-18,40721453
3998,30-Jun-18,40721453
3998,20-Jul-18,40721453
3998,19-Jul-18,40721453
3998,19-Jul-18,40721453
742,19-Jul-18,40721453
742,20-Jul-18,40721453
3998,21-Jul-18,40721453
3998,21-Jul-18,40721453
3998,22-Jul-18,40721453
3998,23-Jul-18,40721453
11,22-Jan-18,40721940
11,16-Jun-18,40721940
299,5-Jan-18,40733443
487,5-Jan-18,40733443
487,6-Jan-18,40733443
487,7-Jan-18,40733443
271,20-Jan-18,40733443
981,20-Jan-18,40733443
299,20-Jan-18,40733443
981,4-Feb-18,40733443
299,4-Feb-18,40733443
1014,4-Feb-18,40733443
981,18-Feb-18,40733443
299,18-Feb-18,40733443
1014,18-Feb-18,40733443
19,5-Jan-18,40726229
487,5-Jan-18,40726229
487,6-Jan-18,40726229
487,7-Jan-18,40726229
1014,8-Jan-18,40726229
981,8-Jan-18,40726229
1014,8-Jan-18,40726229
65,4-Jan-18,40729435
946,4-Jan-18,40729435
658,4-Jan-18,40729435
946,25-Jan-18,40729435
658,25-Jan-18,40729435
65,25-Jan-18,40729435
946,22-Jan-18,4958104
310,22-Jan-18,4958104
333,22-Jan-18,4958104
64,22-Jan-18,4958104
667,22-Jan-18,4958104
333,24-Jan-18,4958104
667,24-Jan-18,4958104
667,25-Jan-18,4958104
333,25-Jan-18,4958104
667,25-Jan-18,4958104
333,25-Jan-18,4958104
333,27-Jan-18,4958104
667,27-Jan-18,4958104
333,29-Jan-18,4958104
667,29-Jan-18,4958104
946,4-Feb-18,4958104
64,4-Feb-18,4958104
310,4-Feb-18,4958104
667,5-Feb-18,4958104
333,5-Feb-18,4958104
667,6-Feb-18,4958104
333,6-Feb-18,4958104
333,11-Feb-18,4958104
667,11-Feb-18,4958104
667,12-Feb-18,4958104
333,12-Feb-18,4958104
333,14-Feb-18,4958104
333,14-Feb-18,4958104
667,14-Feb-18,4958104
667,14-Feb-18,4958104
946,13-Feb-18,4958104
310,13-Feb-18,4958104
64,13-Feb-18,4958104
64,2-Mar-18,4958104
310,2-Mar-18,4958104
273,2-Mar-18,4958104
64,3-Mar-18,4958104
273,3-Mar-18,4958104
333,3-Mar-18,4958104
667,3-Mar-18,4958104
310,3-Mar-18,4958104
273,4-Mar-18,4958104
64,4-Mar-18,4958104
310,4-Mar-18,4958104
64,8-Mar-18,4958104
273,8-Mar-18,4958104
310,8-Mar-18,4958104
273,11-Mar-18,4958104
64,11-Mar-18,4958104
310,11-Mar-18,4958104
667,14-Jun-18,4958104
667,14-Jun-18,4958104
64,14-Jun-18,4958104
333,14-Jun-18,4958104
310,14-Jun-18,4958104
273,14-Jun-18,4958104
333,14-Jun-18,4958104
268,30-Jun-18,4958104
12,21-May-18,40710302
481,23-May-18,40710302
1014,24-May-18,40710302
981,24-May-18,40710302
285,24-Jun-18,40710302
1014,3-Jan-18,40721654
20,3-Jan-18,40721654
1014,4-Jan-18,40721654
271,20-Jan-18,40721654
981,20-Jan-18,40721654
271,28-Feb-18,40721654
20,28-Feb-18,40721654
981,20-Mar-18,40721654
271,20-Mar-18,40721654
271,24-Apr-18,40721654
981,24-Apr-18,40721654
20,24-Apr-18,40721654
1014,24-Apr-18,40721654
1014,29-May-18,40721654
270,30-Jun-18,40721654
20,30-Jun-18,40721654
983,30-Jun-18,40721654
481,3-Jan-18,30456022
18,3-Jan-18,30456022
18,3-Mar-18,30456022
481,3-Mar-18,30456022
47,25-Jun-18,40741577
299,25-Jun-18,40741577
333,4-Jul-18,40741577
667,4-Jul-18,40741577
299,4-Jul-18,40741577
299,8-Jul-18,40741577
47,18-Jul-18,40741577
268,18-Jul-18,40741577
981,6-Jan-18,40743475
20,6-Jan-18,40743475
1014,6-Jan-18,40743475
1136,2-Jan-18,25674126
333,2-Jan-18,25674126
667,2-Jan-18,25674126
667,8-Jan-18,25674126
333,8-Jan-18,25674126
13,8-Jan-18,25674126
487,8-Jan-18,25674126
13,8-Jan-18,25674126
326,8-Jan-18,25674126
666,8-Jan-18,25674126
13,8-Jan-18,25674126
981,8-Jan-18,25674126
13,8-Jan-18,25674126
1014,8-Jan-18,25674126
487,9-Jan-18,25674126
333,9-Jan-18,25674126
667,9-Jan-18,25674126
667,9-Jan-18,25674126
333,9-Jan-18,25674126
13,9-Jan-18,25674126
487,10-Jan-18,25674126
13,10-Jan-18,25674126
333,12-Jan-18,25674126
667,12-Jan-18,25674126
981,12-Jan-18,25674126
13,12-Jan-18,25674126
1014,12-Jan-18,25674126
667,13-Jan-18,25674126
333,13-Jan-18,25674126
13,13-Jan-18,25674126
667,14-Jan-18,25674126
333,14-Jan-18,25674126
13,14-Jan-18,25674126
13,14-Jan-18,25674126
333,15-Jan-18,25674126
667,15-Jan-18,25674126
667,16-Jan-18,25674126
667,17-Jan-18,25674126
333,16-Jan-18,25674126
333,17-Jan-18,25674126
13,17-Jan-18,25674126
13,18-Jan-18,25674126
333,18-Jan-18,25674126
667,18-Jan-18,25674126
667,19-Jan-18,25674126
333,19-Jan-18,25674126
333,21-Jan-18,25674126
667,21-Jan-18,25674126
667,22-Jan-18,25674126
333,22-Jan-18,25674126
13,22-Jan-18,25674126
326,22-Jan-18,25674126
13,21-Jan-18,25674126
667,21-Jan-18,25674126
666,22-Jan-18,25674126
333,21-Jan-18,25674126
333,21-Jan-18,25674126
667,21-Jan-18,25674126
13,22-Jan-18,25674126
326,22-Jan-18,25674126
666,22-Jan-18,25674126
13,22-Jan-18,25674126
333,23-Jan-18,25674126
667,23-Jan-18,25674126
326,24-Jan-18,25674126
1014,24-Jan-18,25674126
333,24-Jan-18,25674126
981,24-Jan-18,25674126
13,24-Jan-18,25674126
666,24-Jan-18,25674126
667,24-Jan-18,25674126
13,25-Jan-18,25674126
326,25-Jan-18,25674126
666,25-Jan-18,25674126
1014,26-Jan-18,25674126
981,26-Jan-18,25674126
13,26-Jan-18,25674126
667,26-Jan-18,25674126
333,26-Jan-18,25674126
666,27-Jan-18,25674126
13,27-Jan-18,25674126
326,27-Jan-18,25674126
667,27-Jan-18,25674126
333,27-Jan-18,25674126
13,27-Jan-18,25674126
667,28-Jan-18,25674126
333,28-Jan-18,25674126
13,28-Jan-18,25674126
13,31-Jan-18,25674126
326,31-Jan-18,25674126
666,31-Jan-18,25674126
666,3-Feb-18,25674126
326,3-Feb-18,25674126
333,3-Feb-18,25674126
13,3-Feb-18,25674126
667,3-Feb-18,25674126
666,3-Feb-18,25674126
326,3-Feb-18,25674126
667,4-Feb-18,25674126
667,4-Feb-18,25674126
333,4-Feb-18,25674126
333,4-Feb-18,25674126
13,4-Feb-18,25674126
333,8-Feb-18,25674126
13,8-Feb-18,25674126
667,8-Feb-18,25674126
13,11-Feb-18,25674126
326,11-Feb-18,25674126
666,11-Feb-18,25674126
667,12-Feb-18,25674126
333,12-Feb-18,25674126
333,14-Feb-18,25674126
667,14-Feb-18,25674126
667,20-Feb-18,25674126
333,20-Feb-18,25674126
13,20-Feb-18,25674126
333,21-Feb-18,25674126
13,21-Feb-18,25674126
667,21-Feb-18,25674126
333,23-Feb-18,25674126
667,23-Feb-18,25674126
333,23-Feb-18,25674126
333,23-Feb-18,25674126
667,23-Feb-18,25674126
667,23-Feb-18,25674126
333,24-Feb-18,25674126
13,24-Feb-18,25674126
667,24-Feb-18,25674126
667,26-Feb-18,25674126
333,26-Feb-18,25674126
333,25-Feb-18,25674126
667,25-Feb-18,25674126
326,27-Feb-18,25674126
666,27-Feb-18,25674126
333,6-Mar-18,25674126
13,6-Mar-18,25674126
667,6-Mar-18,25674126
333,7-Mar-18,25674126
13,7-Mar-18,25674126
667,7-Mar-18,25674126
667,7-Mar-18,25674126
333,7-Mar-18,25674126
333,9-Mar-18,25674126
333,10-Mar-18,25674126
326,11-Mar-18,25674126
666,11-Mar-18,25674126
667,9-Mar-18,25674126
667,10-Mar-18,25674126
13,13-Mar-18,25674126
333,13-Mar-18,25674126
667,13-Mar-18,25674126
333,18-Mar-18,25674126
333,18-Mar-18,25674126
13,18-Mar-18,25674126
667,18-Mar-18,25674126
667,18-Mar-18,25674126
1014,19-Mar-18,25674126
981,19-Mar-18,25674126
13,19-Mar-18,25674126
666,19-Mar-18,25674126
326,19-Mar-18,25674126
666,23-Mar-18,25674126
666,23-Mar-18,25674126
326,23-Mar-18,25674126
326,23-Mar-18,25674126
667,22-Mar-18,25674126
333,22-Mar-18,25674126
13,22-Mar-18,25674126
333,25-Mar-18,25674126
13,25-Mar-18,25674126
667,25-Mar-18,25674126
667,27-Mar-18,25674126
667,27-Mar-18,25674126
333,27-Mar-18,25674126
333,27-Mar-18,25674126
333,31-Mar-18,25674126
13,31-Mar-18,25674126
667,31-Mar-18,25674126
333,1-Apr-18,25674126
667,1-Apr-18,25674126
333,2-Apr-18,25674126
13,2-Apr-18,25674126
667,2-Apr-18,25674126
667,3-Apr-18,25674126
333,3-Apr-18,25674126
667,4-Apr-18,25674126
333,4-Apr-18,25674126
13,4-Apr-18,25674126
333,5-Apr-18,25674126
13,5-Apr-18,25674126
667,5-Apr-18,25674126
667,6-Apr-18,25674126
333,6-Apr-18,25674126
667,19-Apr-18,25674126
333,19-Apr-18,25674126
333,20-Apr-18,25674126
13,20-Apr-18,25674126
667,20-Apr-18,25674126
333,22-Apr-18,25674126
667,22-Apr-18,25674126
333,24-Apr-18,25674126
667,24-Apr-18,25674126
13,23-Apr-18,25674126
981,23-Apr-18,25674126
271,23-Apr-18,25674126
667,24-Apr-18,25674126
333,24-Apr-18,25674126
333,26-Apr-18,25674126
13,26-Apr-18,25674126
667,26-Apr-18,25674126
667,30-Apr-18,25674126
333,30-Apr-18,25674126
13,2-May-18,25674126
667,2-May-18,25674126
333,2-May-18,25674126
982,4-May-18,25674126
13,4-May-18,25674126
268,4-May-18,25674126
326,21-Jun-18,25674126
666,21-Jun-18,25674126
13,21-Jun-18,25674126
666,22-Jun-18,25674126
326,22-Jun-18,25674126
981,23-Jun-18,25674126
1014,23-Jun-18,25674126
1014,5-Jul-18,25674126
666,5-Jul-18,25674126
326,5-Jul-18,25674126
667,5-Jul-18,25674126
13,5-Jul-18,25674126
333,5-Jul-18,25674126
981,5-Jul-18,25674126
667,6-Jul-18,25674126
333,6-Jul-18,25674126
13,24-Jul-18,25674126
667,24-Jul-18,25674126
333,24-Jul-18,25674126
666,26-Jul-18,25674126
326,26-Jul-18,25674126
981,26-Jul-18,25674126
1014,3-Jan-18,21307673
981,3-Jan-18,21307673
18,3-Jan-18,21307673
667,10-Jan-18,21307673
333,10-Jan-18,21307673
18,10-Jan-18,21307673
271,20-Jan-18,21307673
981,20-Jan-18,21307673
18,20-Jan-18,21307673
271,21-Jan-18,21307673
981,21-Jan-18,21307673
18,21-Jan-18,21307673
1014,21-Jan-18,21307673
981,21-Jan-18,21307673
18,21-Jan-18,21307673
1014,5-Feb-18,21307673
981,5-Feb-18,21307673
18,5-Feb-18,21307673
271,8-Feb-18,21307673
981,8-Feb-18,21307673
18,8-Feb-18,21307673
268,28-Feb-18,21307673
271,28-Feb-18,21307673
981,28-Feb-18,21307673
982,28-Feb-18,21307673
18,28-Feb-18,21307673
18,28-Feb-18,21307673
1014,16-Mar-18,21307673
1014,16-Mar-18,21307673
981,16-Mar-18,21307673
981,16-Mar-18,21307673
18,16-Mar-18,21307673
271,21-Mar-18,21307673
981,21-Mar-18,21307673
18,21-Mar-18,21307673
982,24-Mar-18,21307673
983,24-Mar-18,21307673
18,24-Mar-18,21307673
18,24-Mar-18,21307673
268,24-Mar-18,21307673
270,24-Mar-18,21307673
982,28-Mar-18,21307673
333,28-Mar-18,21307673
667,28-Mar-18,21307673
268,28-Mar-18,21307673
270,3-Apr-18,21307673
983,3-Apr-18,21307673
18,3-Apr-18,21307673
981,9-Apr-18,21307673
18,9-Apr-18,21307673
1014,9-Apr-18,21307673
981,10-Apr-18,21307673
981,11-Apr-18,21307673
18,10-Apr-18,21307673
18,11-Apr-18,21307673
1014,10-Apr-18,21307673
1014,11-Apr-18,21307673
981,13-Apr-18,21307673
18,13-Apr-18,21307673
1014,13-Apr-18,21307673
1014,15-Apr-18,21307673
981,15-Apr-18,21307673
18,15-Apr-18,21307673
1014,20-Apr-18,21307673
18,20-Apr-18,21307673
981,20-Apr-18,21307673
18,21-Apr-18,21307673
981,21-Apr-18,21307673
1014,21-Apr-18,21307673
18,23-Apr-18,21307673
981,23-Apr-18,21307673
18,23-Apr-18,21307673
981,23-Apr-18,21307673
271,23-Apr-18,21307673
271,23-Apr-18,21307673
18,26-Apr-18,21307673
18,26-Apr-18,21307673
981,26-Apr-18,21307673
981,26-Apr-18,21307673
983,26-Apr-18,21307673
983,26-Apr-18,21307673
270,26-Apr-18,21307673
270,26-Apr-18,21307673
271,26-Apr-18,21307673
271,26-Apr-18,21307673
982,3-May-18,21307673
268,3-May-18,21307673
1014,3-May-18,21307673
981,3-May-18,21307673
1014,6-May-18,21307673
981,6-May-18,21307673
18,19-May-18,21307673
271,19-May-18,21307673
981,19-May-18,21307673
18,21-May-18,21307673
270,21-May-18,21307673
983,21-May-18,21307673
1014,21-May-18,21307673
981,21-May-18,21307673
18,31-May-18,21307673
981,31-May-18,21307673
271,31-May-18,21307673
268,5-Jun-18,21307673
982,5-Jun-18,21307673
18,5-Jun-18,21307673
271,20-Jun-18,21307673
981,20-Jun-18,21307673
18,20-Jun-18,21307673
1014,3-Jul-18,21307673
981,3-Jul-18,21307673
18,3-Jul-18,21307673
1014,16-Jul-18,21307673
981,16-Jul-18,21307673
18,16-Jul-18,21307673
1014,17-Jul-18,21307673
981,17-Jul-18,21307673
18,17-Jul-18,21307673
18,20-Jul-18,21307673
271,20-Jul-18,21307673
981,20-Jul-18,21307673
981,22-Jul-18,21307673
1014,22-Jul-18,21307673
981,27-Jul-18,21307673
18,27-Jul-18,21307673
18,27-Jul-18,21307673
983,27-Jul-18,21307673
270,27-Jul-18,21307673
273,4-Jan-18,36301869
668,4-Jan-18,36301869
65,4-Jan-18,36301869
658,4-Jan-18,36301869
1366,3-Feb-18,36301869
1366,3-Feb-18,36301869
1366,3-Feb-18,36301869
981,13-Mar-18,36301869
487,13-Mar-18,36301869
487,13-Mar-18,36301869
487,13-Mar-18,36301869
18,13-Mar-18,36301869
1014,13-Mar-18,36301869
268,14-Mar-18,36301869
982,14-Mar-18,36301869
18,14-Mar-18,36301869
268,18-Mar-18,36301869
268,18-Mar-18,36301869
982,18-Mar-18,36301869
982,18-Mar-18,36301869
18,18-Mar-18,36301869
268,29-Mar-18,36301869
398,29-Mar-18,36301869
268,29-Mar-18,36301869
271,5-Apr-18,36301869
981,5-Apr-18,36301869
18,5-Apr-18,36301869
1014,7-Apr-18,36301869
981,7-Apr-18,36301869
18,7-Apr-18,36301869
268,8-Apr-18,36301869
982,8-Apr-18,36301869
18,8-Apr-18,36301869
268,10-Apr-18,36301869
982,10-Apr-18,36301869
18,10-Apr-18,36301869
981,12-Apr-18,36301869
18,12-Apr-18,36301869
1014,12-Apr-18,36301869
268,12-Apr-18,36301869
982,12-Apr-18,36301869
18,12-Apr-18,36301869
268,17-Apr-18,36301869
18,17-Apr-18,36301869
982,17-Apr-18,36301869
981,20-Apr-18,36301869
18,20-Apr-18,36301869
1014,20-Apr-18,36301869
982,20-Apr-18,36301869
268,20-Apr-18,36301869
982,22-Apr-18,36301869
18,22-Apr-18,36301869
268,22-Apr-18,36301869
18,24-Apr-18,36301869
981,24-Apr-18,36301869
1014,24-Apr-18,36301869
268,24-Apr-18,36301869
65,24-Apr-18,36301869
658,24-Apr-18,36301869
18,24-Apr-18,36301869
982,24-Apr-18,36301869
268,27-Apr-18,36301869
18,27-Apr-18,36301869
982,27-Apr-18,36301869
982,1-May-18,36301869
18,1-May-18,36301869
268,1-May-18,36301869
18,2-May-18,36301869
18,2-May-18,36301869
3976,2-May-18,36301869
982,2-May-18,36301869
268,2-May-18,36301869
981,2-May-18,36301869
18,4-May-18,36301869
3976,4-May-18,36301869
981,4-May-18,36301869
667,9-May-18,36301869
268,8-May-18,36301869
982,8-May-18,36301869
18,9-May-18,36301869
333,9-May-18,36301869
981,10-May-18,36301869
18,10-May-18,36301869
18,12-May-18,36301869
268,13-May-18,36301869
982,13-May-18,36301869
18,13-May-18,36301869
1014,10-May-18,36301869
261,14-May-18,36301869
363,14-May-18,36301869
18,14-May-18,36301869
261,15-May-18,36301869
363,15-May-18,36301869
1014,16-May-18,36301869
18,16-May-18,36301869
18,16-May-18,36301869
363,16-May-18,36301869
261,17-May-18,36301869
261,17-May-18,36301869
982,16-May-18,36301869
268,17-May-18,36301869
18,16-May-18,36301869
261,16-May-18,36301869
981,16-May-18,36301869
268,16-May-18,36301869
18,17-May-18,36301869
363,17-May-18,36301869
363,17-May-18,36301869
18,17-May-18,36301869
18,17-May-18,36301869
982,17-May-18,36301869
981,19-May-18,36301869
271,19-May-18,36301869
18,19-May-18,36301869
18,22-May-18,36301869
268,22-May-18,36301869
18,21-May-18,36301869
261,21-May-18,36301869
982,22-May-18,36301869
363,21-May-18,36301869
18,22-May-18,36301869
981,22-May-18,36301869
271,22-May-18,36301869
18,24-May-18,36301869
363,24-May-18,36301869
261,24-May-18,36301869
982,25-May-18,36301869
18,25-May-18,36301869
268,25-May-18,36301869
261,27-May-18,36301869
18,27-May-18,36301869
982,27-May-18,36301869
363,27-May-18,36301869
18,27-May-18,36301869
18,27-May-18,36301869
261,26-May-18,36301869
363,26-May-18,36301869
363,27-May-18,36301869
363,27-May-18,36301869
261,26-May-18,36301869
55,27-May-18,36301869
268,27-May-18,36301869
18,27-May-18,36301869
363,26-May-18,36301869
261,27-May-18,36301869
363,27-May-18,36301869
18,27-May-18,36301869
18,26-May-18,36301869
363,27-May-18,36301869
18,26-May-18,36301869
261,27-May-18,36301869
18,27-May-18,36301869
261,27-May-18,36301869
261,27-May-18,36301869
18,27-May-18,36301869
363,27-May-18,36301869
18,28-May-18,36301869
1014,28-May-18,36301869
18,28-May-18,36301869
18,28-May-18,36301869
981,28-May-18,36301869
984,28-May-18,36301869
271,28-May-18,36301869
261,27-May-18,36301869
269,28-May-18,36301869
981,28-May-18,36301869
261,1-Jun-18,36301869
261,1-Jun-18,36301869
18,1-Jun-18,36301869
18,1-Jun-18,36301869
363,1-Jun-18,36301869
363,1-Jun-18,36301869
261,1-Jun-18,36301869
363,1-Jun-18,36301869
18,1-Jun-18,36301869
268,2-Jun-18,36301869
982,2-Jun-18,36301869
982,4-Jun-18,36301869
18,4-Jun-18,36301869
268,4-Jun-18,36301869
1014,5-Jun-18,36301869
18,5-Jun-18,36301869
981,5-Jun-18,36301869
1014,6-Jun-18,36301869
1014,6-Jun-18,36301869
981,6-Jun-18,36301869
981,6-Jun-18,36301869
18,6-Jun-18,36301869
18,6-Jun-18,36301869
268,9-Jun-18,36301869
18,9-Jun-18,36301869
982,9-Jun-18,36301869
268,12-Jun-18,36301869
18,12-Jun-18,36301869
982,12-Jun-18,36301869
268,15-Jun-18,36301869
1014,15-Jun-18,36301869
1014,15-Jun-18,36301869
981,15-Jun-18,36301869
18,15-Jun-18,36301869
981,15-Jun-18,36301869
18,15-Jun-18,36301869
18,15-Jun-18,36301869
982,15-Jun-18,36301869
268,16-Jun-18,36301869
18,16-Jun-18,36301869
982,16-Jun-18,36301869
18,17-Jun-18,36301869
982,17-Jun-18,36301869
268,17-Jun-18,36301869
268,19-Jun-18,36301869
982,19-Jun-18,36301869
18,19-Jun-18,36301869
982,22-Jun-18,36301869
18,22-Jun-18,36301869
268,22-Jun-18,36301869
268,22-Jun-18,36301869
982,22-Jun-18,36301869
268,24-Jun-18,36301869
18,23-Jun-18,36301869
285,23-Jun-18,36301869
982,24-Jun-18,36301869
18,24-Jun-18,36301869
285,25-Jun-18,36301869
18,25-Jun-18,36301869
1014,27-Jun-18,36301869
981,27-Jun-18,36301869
18,27-Jun-18,36301869
18,28-Jun-18,36301869
68,28-Jun-18,36301869
55,28-Jun-18,36301869
18,28-Jun-18,36301869
982,28-Jun-18,36301869
18,28-Jun-18,36301869
268,28-Jun-18,36301869
268,1-Jul-18,36301869
982,1-Jul-18,36301869
18,1-Jul-18,36301869
1014,4-Jul-18,36301869
981,4-Jul-18,36301869
982,5-Jul-18,36301869
268,5-Jul-18,36301869
18,5-Jul-18,36301869
982,9-Jul-18,36301869
982,9-Jul-18,36301869
268,9-Jul-18,36301869
18,9-Jul-18,36301869
18,9-Jul-18,36301869
268,9-Jul-18,36301869
1014,10-Jul-18,36301869
18,10-Jul-18,36301869
981,10-Jul-18,36301869
981,11-Jul-18,36301869
18,11-Jul-18,36301869
4483,11-Jul-18,36301869
268,12-Jul-18,36301869
18,12-Jul-18,36301869
982,12-Jul-18,36301869
285,12-Jul-18,36301869
1366,12-Jul-18,36301869
268,13-Jul-18,36301869
982,13-Jul-18,36301869
18,13-Jul-18,36301869
18,14-Jul-18,36301869
333,14-Jul-18,36301869
667,14-Jul-18,36301869
18,16-Jul-18,36301869
667,16-Jul-18,36301869
333,16-Jul-18,36301869
268,18-Jul-18,36301869
982,18-Jul-18,36301869
18,18-Jul-18,36301869
18,20-Jul-18,36301869
981,20-Jul-18,36301869
271,20-Jul-18,36301869
667,20-Jul-18,36301869
18,20-Jul-18,36301869
18,20-Jul-18,36301869
982,20-Jul-18,36301869
257,20-Jul-18,36301869
333,20-Jul-18,36301869
269,21-Jul-18,36301869
984,21-Jul-18,36301869
18,21-Jul-18,36301869
18,21-Jul-18,36301869
333,21-Jul-18,36301869
667,21-Jul-18,36301869
982,23-Jul-18,36301869
268,23-Jul-18,36301869
18,23-Jul-18,36301869
18,23-Jul-18,36301869
981,23-Jul-18,36301869
18,26-Jul-18,36301869
982,26-Jul-18,36301869
268,26-Jul-18,36301869
68,26-Jul-18,36301869
18,26-Jul-18,36301869
18,26-Jul-18,36301869
55,26-Jul-18,36301869
487,5-Jan-18,40732990
742,5-Jan-18,40732990
271,5-Jan-18,40732990
1014,6-Jan-18,40732990
487,6-Jan-18,40732990
487,7-Jan-18,40732990
1014,7-Jan-18,40732990
398,7-Jan-18,40732990
981,20-Jan-18,40732990
742,20-Jan-18,40732990
271,20-Jan-18,40732990
271,8-Feb-18,40732990
981,8-Feb-18,40732990
742,8-Feb-18,40732990
981,8-Feb-18,40732990
742,8-Feb-18,40732990
271,8-Feb-18,40732990
273,5-Jan-18,3676235
481,6-Jan-18,3676235
904,9-Jan-18,3676235
355,9-Jan-18,3676235
273,29-Jan-18,3676235
1014,31-Jan-18,3676235
981,31-Jan-18,3676235
904,9-Feb-18,3676235
355,9-Feb-18,3676235
263,21-Feb-18,3676235
904,21-Feb-18,3676235
985,21-Feb-18,3676235
355,21-Feb-18,3676235
271,4-Mar-18,3676235
981,4-Mar-18,3676235
981,9-Mar-18,3676235
981,9-Mar-18,3676235
985,9-Mar-18,3676235
1014,9-Mar-18,3676235
1014,9-Mar-18,3676235
263,9-Mar-18,3676235
904,29-Mar-18,3676235
355,29-Mar-18,3676235
904,3-Apr-18,3676235
355,3-Apr-18,3676235
355,12-Apr-18,3676235
904,12-Apr-18,3676235
273,6-Jan-18,40743306
481,13-Jan-18,40743306
12,20-Jan-18,40743306
981,20-Jan-18,40743306
981,20-Jan-18,40743306
271,20-Jan-18,40743306
1014,20-Jan-18,40743306
271,20-Jan-18,40743306
271,20-Jan-18,40743306
981,20-Jan-18,40743306
981,20-Jan-18,40743306
12,20-Jan-18,40743306
981,20-Jan-18,40743306
981,20-Jan-18,40743306
981,20-Jan-18,40743306
981,20-Jan-18,40743306
981,20-Jan-18,40743306
271,20-Jan-18,40743306
271,20-Jan-18,40743306
271,20-Jan-18,40743306
271,20-Jan-18,40743306
271,20-Jan-18,40743306
271,20-Jan-18,40743306
271,20-Jan-18,40743306
981,20-Jan-18,40743306
981,20-Jan-18,40743306
481,21-Jan-18,40743306
981,23-Jan-18,40743306
981,23-Jan-18,40743306
1014,23-Jan-18,40743306
1014,23-Jan-18,40743306
981,31-Jan-18,40743306
1014,31-Jan-18,40743306
1366,3-Feb-18,40743306
12,8-Feb-18,40743306
12,8-Feb-18,40743306
12,8-Feb-18,40743306
981,8-Feb-18,40743306
981,8-Feb-18,40743306
271,8-Feb-18,40743306
271,8-Feb-18,40743306
1366,8-Feb-18,40743306
1366,8-Feb-18,40743306
981,8-Feb-18,40743306
982,8-Feb-18,40743306
268,8-Feb-18,40743306
271,8-Feb-18,40743306
1014,11-Feb-18,40743306
981,11-Feb-18,40743306
268,20-Feb-18,40743306
982,20-Feb-18,40743306
1014,21-Feb-18,40743306
981,21-Feb-18,40743306
981,22-Feb-18,40743306
1014,22-Feb-18,40743306
981,22-Feb-18,40743306
1014,22-Feb-18,40743306
1014,22-Feb-18,40743306
12,22-Feb-18,40743306
981,22-Feb-18,40743306
1366,25-Feb-18,40743306
1366,25-Feb-18,40743306
12,26-Feb-18,40743306
12,26-Feb-18,40743306
481,25-Feb-18,40743306
54,28-Feb-18,40743306
981,28-Feb-18,40743306
981,28-Feb-18,40743306
271,28-Feb-18,40743306
271,28-Feb-18,40743306
12,28-Feb-18,40743306
12,28-Feb-18,40743306
981,28-Feb-18,40743306
982,28-Feb-18,40743306
1014,28-Feb-18,40743306
268,28-Feb-18,40743306
982,28-Feb-18,40743306
268,28-Feb-18,40743306
12,28-Feb-18,40743306
12,28-Feb-18,40743306
1366,6-Mar-18,40743306
1366,6-Mar-18,40743306
981,9-Mar-18,40743306
1014,9-Mar-18,40743306
981,20-Mar-18,40743306
271,20-Mar-18,40743306
271,24-Mar-18,40743306
981,24-Mar-18,40743306
1014,26-Mar-18,40743306
981,26-Mar-18,40743306
271,28-Mar-18,40743306
981,28-Mar-18,40743306
981,18-Apr-18,40743306
1014,18-Apr-18,40743306
982,22-Apr-18,40743306
981,22-Apr-18,40743306
1014,22-Apr-18,40743306
268,22-Apr-18,40743306
12,25-Apr-18,40743306
981,26-Apr-18,40743306
1014,26-Apr-18,40743306
981,27-Apr-18,40743306
981,27-Apr-18,40743306
981,27-Apr-18,40743306
981,27-Apr-18,40743306
271,27-Apr-18,40743306
271,27-Apr-18,40743306
271,27-Apr-18,40743306
271,27-Apr-18,40743306
12,27-Apr-18,40743306
12,27-Apr-18,40743306
271,28-Apr-18,40743306
981,28-Apr-18,40743306
12,28-Apr-18,40743306
981,2-May-18,40743306
3976,2-May-18,40743306
268,3-May-18,40743306
982,3-May-18,40743306
1014,3-May-18,40743306
981,3-May-18,40743306
12,4-May-18,40743306
1086,4-May-18,40743306
271,13-May-18,40743306
1014,13-May-18,40743306
1014,13-May-18,40743306
981,13-May-18,40743306
12,13-May-18,40743306
12,13-May-18,40743306
981,13-May-18,40743306
981,13-May-18,40743306
285,13-May-18,40743306
981,14-May-18,40743306
981,14-May-18,40743306
12,14-May-18,40743306
1014,14-May-18,40743306
271,14-May-18,40743306
271,30-Jun-18,40743306
299,2-Jan-18,40713102
487,2-Jan-18,40713102
487,3-Jan-18,40713102
487,4-Jan-18,40713102
1014,4-Jan-18,40713102
63,5-Jan-18,40713102
398,5-Jan-18,40713102
270,12-Jan-18,40713102
271,20-Jan-18,40713102
981,20-Jan-18,40713102
271,1-Mar-18,40713102
271,31-May-18,40713102
326,21-Jun-18,40713102
299,21-Jun-18,40713102
666,21-Jun-18,40713102
983,16-Jul-18,40713102
270,16-Jul-18,40713102
299,16-Jul-18,40713102
271,20-Jul-18,40713102
981,20-Jul-18,40713102
299,20-Jul-18,40713102
299,11-Jan-18,40749915
487,11-Jan-18,40749915
487,12-Jan-18,40749915
487,13-Jan-18,40749915
326,16-Jun-18,40749915
666,16-Jun-18,40749915
285,26-Jun-18,40749915
279,26-Jun-18,40749915
308,26-Jun-18,40749915
299,3-Jul-18,40749915
666,5-Jul-18,40749915
326,5-Jul-18,40749915
1136,2-Jan-18,40717503
1366,18-Apr-18,40717503
20,12-Jan-18,40728678
268,12-Jan-18,40728678
1014,13-Jan-18,40728678
1014,14-Jan-18,40728678
20,21-Jan-18,40728678
981,21-Jan-18,40728678
271,21-Jan-18,40728678
981,8-Feb-18,40728678
20,8-Feb-18,40728678
271,8-Feb-18,40728678
20,9-Feb-18,40728678
271,9-Feb-18,40728678
981,9-Feb-18,40728678
981,2-Apr-18,40728678
20,2-Apr-18,40728678
3976,2-Apr-18,40728678
981,14-May-18,40728678
20,14-May-18,40728678
1014,14-May-18,40728678
270,30-Jun-18,40728678
299,7-Jan-18,40745532
271,20-Jan-18,40745532
271,20-Jan-18,40745532
271,20-Jan-18,40745532
981,20-Jan-18,40745532
1014,26-Mar-18,40745532
271,31-May-18,40745532
1014,4-Jan-18,36142806
487,4-Jan-18,36142806
18,4-Jan-18,36142806
271,5-Jan-18,36142806
487,5-Jan-18,36142806
487,6-Jan-18,36142806
1014,20-Jan-18,36142806
1366,8-Feb-18,36142806
18,8-Feb-18,36142806
981,8-Feb-18,36142806
983,8-Feb-18,36142806
270,8-Feb-18,36142806
271,8-Feb-18,36142806
981,17-Feb-18,36142806
271,17-Feb-18,36142806
981,28-Feb-18,36142806
1014,28-Feb-18,36142806
981,22-Mar-18,36142806
18,22-Mar-18,36142806
271,22-Mar-18,36142806
981,21-Mar-18,36142806
18,21-Mar-18,36142806
1014,21-Mar-18,36142806
18,5-Apr-18,36142806
1014,5-Apr-18,36142806
981,5-Apr-18,36142806
330,5-Apr-18,36142806
18,5-Apr-18,36142806
659,5-Apr-18,36142806
982,10-Apr-18,36142806
18,10-Apr-18,36142806
268,10-Apr-18,36142806
981,12-Apr-18,36142806
18,12-Apr-18,36142806
1014,12-Apr-18,36142806
23,1-May-18,36142806
18,1-May-18,36142806
316,1-May-18,36142806
18,22-May-18,36142806
981,22-May-18,36142806
271,22-May-18,36142806
981,28-Jun-18,36142806
18,28-Jun-18,36142806
1014,28-Jun-18,36142806
271,30-Jun-18,36142806
268,3-Jul-18,36142806
18,3-Jul-18,36142806
982,3-Jul-18,36142806
20,7-Jan-18,40747002
667,7-Jan-18,40747002
333,7-Jan-18,40747002
333,9-Jan-18,40747002
20,9-Jan-18,40747002
667,9-Jan-18,40747002
268,31-Mar-18,40747002
982,31-Mar-18,40747002
18,6-Apr-18,40747002
982,24-Jun-18,40747002
268,24-Jun-18,40747002
20,26-Jul-18,40747002
667,1-Jan-18,20831230
11,1-Jan-18,20831230
333,1-Jan-18,20831230
1366,8-Feb-18,20831230
13,7-Jan-18,40750022
268,8-Jan-18,40750022
268,8-Jan-18,40750022
257,9-Jan-18,40750022
13,20-Jan-18,40750022
667,25-Jan-18,40750022
333,25-Jan-18,40750022
47,29-Jan-18,40750022
54,14-Feb-18,40750022
13,14-Feb-18,40750022
667,30-May-18,40750022
667,29-Jun-18,40750022
667,29-Jun-18,40750022
20,1-Jan-18,11642209
666,2-Jan-18,11642209
326,2-Jan-18,11642209
20,3-Jan-18,11642209
326,9-Jan-18,11642209
20,9-Jan-18,11642209
666,9-Jan-18,11642209
326,9-Jan-18,11642209
666,9-Jan-18,11642209
326,11-Jan-18,11642209
20,11-Jan-18,11642209
666,11-Jan-18,11642209
268,12-Jan-18,11642209
982,12-Jan-18,11642209
20,12-Jan-18,11642209
1014,13-Jan-18,11642209
981,13-Jan-18,11642209
20,13-Jan-18,11642209
666,16-Jan-18,11642209
326,16-Jan-18,11642209
20,16-Jan-18,11642209
270,19-Jan-18,11642209
983,19-Jan-18,11642209
20,19-Jan-18,11642209
666,21-Jan-18,11642209
326,21-Jan-18,11642209
667,23-Jan-18,11642209
333,23-Jan-18,11642209
20,23-Jan-18,11642209
326,23-Jan-18,11642209
666,23-Jan-18,11642209
326,24-Jan-18,11642209
20,24-Jan-18,11642209
666,24-Jan-18,11642209
666,28-Jan-18,11642209
326,28-Jan-18,11642209
20,28-Jan-18,11642209
981,2-Feb-18,11642209
20,2-Feb-18,11642209
1014,2-Feb-18,11642209
666,5-Feb-18,11642209
326,5-Feb-18,11642209
20,5-Feb-18,11642209
326,6-Feb-18,11642209
20,6-Feb-18,11642209
666,6-Feb-18,11642209
326,9-Feb-18,11642209
20,9-Feb-18,11642209
666,9-Feb-18,11642209
326,12-Feb-18,11642209
20,12-Feb-18,11642209
666,12-Feb-18,11642209
333,13-Feb-18,11642209
20,13-Feb-18,11642209
667,13-Feb-18,11642209
666,18-Feb-18,11642209
326,18-Feb-18,11642209
20,18-Feb-18,11642209
666,21-Feb-18,11642209
326,21-Feb-18,11642209
20,21-Feb-18,11642209
666,22-Feb-18,11642209
326,22-Feb-18,11642209
20,22-Feb-18,11642209
666,22-Feb-18,11642209
326,22-Feb-18,11642209
20,22-Feb-18,11642209
666,22-Feb-18,11642209
326,22-Feb-18,11642209
326,24-Feb-18,11642209
20,24-Feb-18,11642209
666,24-Feb-18,11642209
666,25-Feb-18,11642209
326,25-Feb-18,11642209
20,25-Feb-18,11642209
20,28-Feb-18,11642209
326,28-Feb-18,11642209
20,28-Feb-18,11642209
666,28-Feb-18,11642209
666,28-Feb-18,11642209
326,28-Feb-18,11642209
20,28-Feb-18,11642209
983,2-Mar-18,11642209
270,2-Mar-18,11642209
666,3-Mar-18,11642209
326,3-Mar-18,11642209
326,5-Mar-18,11642209
20,5-Mar-18,11642209
666,5-Mar-18,11642209
326,6-Mar-18,11642209
20,6-Mar-18,11642209
666,6-Mar-18,11642209
326,7-Mar-18,11642209
20,7-Mar-18,11642209
666,7-Mar-18,11642209
666,11-Mar-18,11642209
667,10-Mar-18,11642209
259,9-Mar-18,11642209
333,10-Mar-18,11642209
983,9-Mar-18,11642209
326,11-Mar-18,11642209
20,9-Mar-18,11642209
20,10-Mar-18,11642209
20,12-Mar-18,11642209
326,12-Mar-18,11642209
666,12-Mar-18,11642209
666,14-Mar-18,11642209
326,14-Mar-18,11642209
20,14-Mar-18,11642209
333,14-Mar-18,11642209
20,14-Mar-18,11642209
667,14-Mar-18,11642209
326,16-Mar-18,11642209
20,16-Mar-18,11642209
666,16-Mar-18,11642209
326,17-Mar-18,11642209
666,17-Mar-18,11642209
326,17-Mar-18,11642209
20,17-Mar-18,11642209
666,17-Mar-18,11642209
326,18-Mar-18,11642209
20,18-Mar-18,11642209
666,18-Mar-18,11642209
666,20-Mar-18,11642209
326,20-Mar-18,11642209
20,20-Mar-18,11642209
333,21-Mar-18,11642209
20,21-Mar-18,11642209
667,21-Mar-18,11642209
326,22-Mar-18,11642209
666,22-Mar-18,11642209
905,22-Mar-18,11642209
327,22-Mar-18,11642209
20,22-Mar-18,11642209
326,24-Mar-18,11642209
20,24-Mar-18,11642209
666,24-Mar-18,11642209
326,26-Mar-18,11642209
666,26-Mar-18,11642209
666,26-Mar-18,11642209
326,26-Mar-18,11642209
20,26-Mar-18,11642209
326,28-Mar-18,11642209
20,28-Mar-18,11642209
666,28-Mar-18,11642209
666,4-Apr-18,11642209
326,4-Apr-18,11642209
20,4-Apr-18,11642209
666,6-Apr-18,11642209
326,6-Apr-18,11642209
20,6-Apr-18,11642209
326,8-Apr-18,11642209
20,8-Apr-18,11642209
666,8-Apr-18,11642209
326,11-Apr-18,11642209
326,11-Apr-18,11642209
20,11-Apr-18,11642209
666,11-Apr-18,11642209
666,11-Apr-18,11642209
666,25-May-18,11642209
666,29-Jun-18,11642209
273,2-Jan-18,40715261
658,2-Jan-18,40715261
65,2-Jan-18,40715261
1014,11-Jan-18,40715261
981,11-Jan-18,40715261
983,22-Jan-18,40715261
270,22-Jan-18,40715261
981,25-Jan-18,40715261
982,25-Jan-18,40715261
268,25-Jan-18,40715261
1014,25-Jan-18,40715261
981,29-Jan-18,40715261
1014,29-Jan-18,40715261
273,7-Mar-18,40715261
1014,8-Mar-18,40715261
981,8-Mar-18,40715261
658,9-Mar-18,40715261
981,9-Mar-18,40715261
981,11-Mar-18,40715261
1014,9-Mar-18,40715261
1014,11-Mar-18,40715261
65,9-Mar-18,40715261
981,2-Apr-18,40715261
3976,2-Apr-18,40715261
981,24-Apr-18,40715261
1014,24-Apr-18,40715261
271,27-Apr-18,40715261
981,27-Apr-18,40715261
2,12-Jun-17,38411702
2,23-May-17,38411702
2,24-Aug-17,38411702
2,25-Sep-17,38411702
19,20-Mar-18,38411702
19,20-Mar-18,38411702
981,20-Mar-18,38411702
981,20-Mar-18,38411702
19,19-Mar-18,38411702
487,19-Mar-18,38411702
487,19-Mar-18,38411702
487,19-Mar-18,38411702
1014,20-Mar-18,38411702
271,20-Mar-18,38411702
271,20-Mar-18,38411702
271,20-Mar-18,38411702
19,20-Mar-18,38411702
981,20-Mar-18,38411702
271,20-Mar-18,38411702
19,22-Mar-18,38411702
981,22-Mar-18,38411702
981,22-Mar-18,38411702
1014,22-Mar-18,38411702
1014,22-Mar-18,38411702
1014,22-Mar-18,38411702
398,22-Mar-18,38411702
271,24-Mar-18,38411702
19,24-Mar-18,38411702
981,24-Mar-18,38411702
19,24-Mar-18,38411702
981,24-Mar-18,38411702
271,24-Mar-18,38411702
981,26-Mar-18,38411702
1014,26-Mar-18,38411702
1014,26-Mar-18,38411702
19,26-Mar-18,38411702
981,26-Mar-18,38411702
1014,1-Apr-18,38411702
19,1-Apr-18,38411702
981,1-Apr-18,38411702
271,19-May-18,38411702
981,19-May-18,38411702
271,19-May-18,38411702
981,19-May-18,38411702
19,29-May-18,38411702
981,31-May-18,38411702
271,31-May-18,38411702
981,21-Jun-18,38411702
1014,21-Jun-18,38411702
487,6-Jan-18,40740734
18,6-Jan-18,40740734
487,7-Jan-18,40740734
487,8-Jan-18,40740734
1366,8-Feb-18,40740734
18,7-Jan-18,2464231
667,16-Jan-18,2464231
333,16-Jan-18,2464231
667,26-Jan-18,2464231
333,26-Jan-18,2464231
1366,6-Feb-18,2464231
667,26-Mar-18,2464231
667,26-Apr-18,2464231
667,25-May-18,2464231
268,22-Jun-18,2464231
3995,22-Jun-18,2464231
4095,22-Jun-18,2464231
18,22-Jun-18,2464231
982,22-Jun-18,2464231
18,15-Jul-18,2464231
363,15-Jul-18,2464231
1186,15-Jul-18,2464231
982,23-Jul-18,2464231
3995,23-Jul-18,2464231
268,23-Jul-18,2464231
1014,3-Jan-18,31485023
487,3-Jan-18,31485023
18,3-Jan-18,31485023
487,4-Jan-18,31485023
1014,5-Jan-18,31485023
487,5-Jan-18,31485023
1014,10-Jan-18,31485023
398,10-Jan-18,31485023
18,8-Jan-18,40748360
66,3-Feb-18,40748360
18,3-Feb-18,40748360
18,15-Feb-18,40748360
70,15-Feb-18,40748360
18,27-Feb-18,40748360
68,27-Feb-18,40748360
66,2-Mar-18,40748360
18,2-Mar-18,40748360
18,20-Mar-18,40748360
68,20-Mar-18,40748360
66,3-Apr-18,40748360
18,3-Apr-18,40748360
18,20-Apr-18,40748360
68,20-Apr-18,40748360
66,3-May-18,40748360
18,3-May-18,40748360
981,22-May-18,40748360
1014,22-May-18,40748360
271,22-May-18,40748360
981,22-May-18,40748360
1346,24-May-18,40748360
68,24-May-18,40748360
1346,24-May-18,40748360
66,5-Jun-18,40748360
1346,5-Jun-18,40748360
20,1-Jan-18,40708072
981,20-Jan-18,40708072
982,20-Jan-18,40708072
20,20-Jan-18,40708072
271,20-Jan-18,40708072
268,20-Jan-18,40708072
271,20-Jan-18,40708072
981,20-Jan-18,40708072
667,15-Mar-18,40708072
333,15-Mar-18,40708072
20,15-Mar-18,40708072
271,22-Mar-18,40708072
981,22-Mar-18,40708072
20,22-Mar-18,40708072
1046,1-Apr-18,40708072
946,5-Apr-18,40708072
946,5-Apr-18,40708072
309,5-Apr-18,40708072
309,5-Apr-18,40708072
91,5-Apr-18,40708072
91,5-Apr-18,40708072
946,6-Apr-18,40708072
316,6-Apr-18,40708072
316,6-Apr-18,40708072
24,6-Apr-18,40708072
24,6-Apr-18,40708072
316,7-Apr-18,40708072
946,7-Apr-18,40708072
24,7-Apr-18,40708072
981,8-Apr-18,40708072
982,8-Apr-18,40708072
20,8-Apr-18,40708072
268,8-Apr-18,40708072
1014,8-Apr-18,40708072
20,1-May-18,40708072
316,4-May-18,40708072
273,4-May-18,40708072
24,4-May-18,40708072
270,8-May-18,40708072
983,8-May-18,40708072
24,11-May-18,40708072
24,11-May-18,40708072
24,11-May-18,40708072
24,11-May-18,40708072
24,11-May-18,40708072
946,11-May-18,40708072
946,11-May-18,40708072
946,11-May-18,40708072
316,11-May-18,40708072
316,11-May-18,40708072
316,11-May-18,40708072
316,11-May-18,40708072
316,11-May-18,40708072
20,17-May-18,40708072
268,18-May-18,40708072
982,18-May-18,40708072
268,17-May-18,40708072
982,17-May-18,40708072
54,22-May-18,40708072
316,25-May-18,40708072
24,25-May-18,40708072
20,25-May-18,40708072
946,25-May-18,40708072
285,25-May-18,40708072
983,29-May-18,40708072
259,29-May-18,40708072
56,4-Jun-18,40708072
270,11-Jun-18,40708072
20,11-Jun-18,40708072
983,11-Jun-18,40708072
308,12-Jun-18,40708072
279,12-Jun-18,40708072
273,26-Jun-18,40708072
82,26-Jun-18,40708072
20,11-Jul-18,40708072
259,11-Jul-18,40708072
983,11-Jul-18,40708072
82,14-Jul-18,40708072
20,14-Jul-18,40708072
125,16-Jul-18,40708072
1014,29-Mar-18,40726664
299,8-Apr-18,40726664
271,9-Apr-18,40726664
1014,8-Apr-18,40726664
981,10-Apr-18,40726664
1014,10-Apr-18,40726664
1014,31-May-18,40726664
271,30-Jun-18,40726664
299,24-Jul-18,40726664
981,24-Jul-18,40726664
981,24-Jul-18,40726664
299,24-Jul-18,40726664
299,25-Jul-18,40726664
981,25-Jul-18,40726664
20,8-Jan-18,40720159
1014,8-Jan-18,40720159
1014,10-Jan-18,40720159
1014,10-Jan-18,40720159
981,10-Jan-18,40720159
981,15-Jan-18,40720159
20,15-Jan-18,40720159
1014,15-Jan-18,40720159
20,19-Jan-18,40720159
650,20-Jan-18,40720159
1014,2-Feb-18,40720159
981,2-Feb-18,40720159
20,2-Feb-18,40720159
1014,3-Feb-18,40720159
981,3-Feb-18,40720159
20,3-Feb-18,40720159
486,3-Feb-18,40720159
1014,4-Feb-18,40720159
486,5-Feb-18,40720159
486,5-Feb-18,40720159
1014,5-Feb-18,40720159
24,5-Feb-18,40720159
316,5-Feb-18,40720159
1014,5-Feb-18,40720159
981,6-Feb-18,40720159
20,6-Feb-18,40720159
1014,6-Feb-18,40720159
981,6-Feb-18,40720159
1014,6-Feb-18,40720159
486,8-Feb-18,40720159
271,8-Feb-18,40720159
1014,26-Mar-18,40720159
486,30-Mar-18,40720159
486,30-Mar-18,40720159
271,2-Apr-18,40720159
271,2-Apr-18,40720159
271,22-May-18,40720159
1014,29-Jun-18,40720159
1014,19-Jul-18,40720159
981,19-Jul-18,40720159
667,29-Jan-18,40708013
981,16-Feb-18,40708013
20,16-Feb-18,40708013
271,16-Feb-18,40708013
981,17-Feb-18,40708013
271,17-Feb-18,40708013
1366,17-Feb-18,40708013
268,17-Feb-18,40708013
982,17-Feb-18,40708013
333,18-Feb-18,40708013
667,18-Feb-18,40708013
1366,25-Feb-18,40708013
1366,25-Feb-18,40708013
667,25-Feb-18,40708013
1366,25-Feb-18,40708013
1366,25-Feb-18,40708013
1366,25-Feb-18,40708013
1366,25-Feb-18,40708013
1366,27-Feb-18,40708013
1366,27-Feb-18,40708013
1366,27-Feb-18,40708013
1366,27-Feb-18,40708013
1366,27-Feb-18,40708013
667,22-Mar-18,40708013
667,22-May-18,40708013
10,25-Jul-18,40708013
333,25-Jul-18,40708013
667,25-Jul-18,40708013
333,18-Apr-18,40722339
333,18-Apr-18,40722339
13,18-Apr-18,40722339
667,18-Apr-18,40722339
667,18-Apr-18,40722339
333,18-May-18,40722339
333,18-May-18,40722339
13,18-May-18,40722339
667,19-May-18,40722339
333,19-May-18,40722339
333,19-May-18,40722339
667,19-May-18,40722339
1166,18-May-18,40722339
667,18-May-18,40722339
667,18-May-18,40722339
667,18-May-18,40722339
333,18-May-18,40722339
13,25-May-18,40722339
54,25-May-18,40722339
456,25-May-18,40722339
667,25-May-18,40722339
333,25-May-18,40722339
333,29-May-18,40722339
667,29-May-18,40722339
667,30-May-18,40722339
333,30-May-18,40722339
333,30-May-18,40722339
667,30-May-18,40722339
667,1-Jun-18,40722339
268,1-Jun-18,40722339
667,1-Jun-18,40722339
333,1-Jun-18,40722339
982,1-Jun-18,40722339
333,1-Jun-18,40722339
13,1-Jun-18,40722339
1166,9-Jun-18,40722339
1014,9-Jun-18,40722339
981,9-Jun-18,40722339
667,10-Jun-18,40722339
333,10-Jun-18,40722339
667,13-Jun-18,40722339
333,13-Jun-18,40722339
667,14-Jun-18,40722339
333,14-Jun-18,40722339
667,15-Jun-18,40722339
333,15-Jun-18,40722339
333,16-Jun-18,40722339
333,16-Jun-18,40722339
667,16-Jun-18,40722339
667,16-Jun-18,40722339
54,18-Jun-18,40722339
54,18-Jun-18,40722339
667,18-Jun-18,40722339
13,18-Jun-18,40722339
333,18-Jun-18,40722339
1014,18-Jun-18,40722339
1014,18-Jun-18,40722339
667,18-Jun-18,40722339
981,18-Jun-18,40722339
333,18-Jun-18,40722339
981,18-Jun-18,40722339
333,21-Jun-18,40722339
333,21-Jun-18,40722339
667,21-Jun-18,40722339
667,21-Jun-18,40722339
333,22-Jun-18,40722339
667,22-Jun-18,40722339
1014,23-Jun-18,40722339
981,23-Jun-18,40722339
667,23-Jun-18,40722339
333,23-Jun-18,40722339
333,25-Jun-18,40722339
981,25-Jun-18,40722339
667,25-Jun-18,40722339
1014,25-Jun-18,40722339
667,26-Jun-18,40722339
667,26-Jun-18,40722339
333,26-Jun-18,40722339
333,26-Jun-18,40722339
13,26-Jun-18,40722339
273,28-Jun-18,40722339
667,11-Jul-18,40722339
333,11-Jul-18,40722339
333,12-Jul-18,40722339
667,12-Jul-18,40722339
456,12-Jul-18,40722339
1166,18-Jul-18,40722339
13,18-Jul-18,40722339
667,18-Jul-18,40722339
333,18-Jul-18,40722339
54,18-Jul-18,40722339
54,18-Jul-18,40722339
333,18-Jul-18,40722339
667,18-Jul-18,40722339
667,18-Jul-18,40722339
333,18-Jul-18,40722339
13,25-Jul-18,40722339
982,25-Jul-18,40722339
268,25-Jul-18,40722339
982,25-Jul-18,40722339
268,25-Jul-18,40722339
269,26-Jul-18,40722339
984,26-Jul-18,40722339
333,26-Jul-18,40722339
667,26-Jul-18,40722339
